{
	"enabled": true,
	"experience_per_level": {
		"type": "values",
		"data": {
			"values": [
				250,
				250,
				250,
				250,
				250,
				250,
				250,
				250,
				250,
				250,
				500,
				500,
				500,
				500,
				500,
				500,
				500,
				500,
				500,
				500,
				750
			]
		}
	},
	"sources": [
		{
			"type": "puffish_skills:mine_block",
			"data": {
				"conditions": {
					"silk_touch": {
						"type": "tool_nbt",
						"data": {
							"nbt": "{Enchantments:[{id:\"minecraft:silk_touch\"}]}"
						}
					},
					"stone_like": {
						"type": "block_tag",
						"data": {
							"tag": "base_stone_overworld"
						}
					},
					"coal_ore": {
						"type": "block",
						"data": {
							"block": "coal_ore"
						}
					},
					"iron_ore": {
						"type": "block",
						"data": {
							"block": "iron_ore"
						}
					},
					"gold_ore": {
						"type": "block",
						"data": {
							"block": "gold_ore"
						}
					},
					"redstone_ore": {
						"type": "block",
						"data": {
							"block": "redstone_ore"
						}
					},
					"lapis_ore": {
						"type": "block",
						"data": {
							"block": "lapis_ore"
						}
					},
					"diamond_ore": {
						"type": "block",
						"data": {
							"block": "diamond_ore"
						}
					},
					"emerald_ore": {
						"type": "block",
						"data": {
							"block": "emerald_ore"
						}
					}
				},
				"experience": [
					{
						"condition": "!silk_touch & stone_like",
						"expression": "1"
					},
					{
						"condition": "!silk_touch & (coal_ore | iron_ore | gold_ore | redstone_ore | lapis_ore | diamond_ore | emerald_ore)",
						"expression": "10"
					}
				]
			}
		}
	]
}